[{"model": "auth.group", "pk": 1, "fields": {"name": "\u0413\u0440\u0443\u043f\u043f\u0430 2", "permissions": []}}, {"model": "auth.group", "pk": 2, "fields": {"name": "\u0413\u0440\u0443\u043f\u043f\u0430 1", "permissions": []}}, {"model": "auth.group", "pk": 3, "fields": {"name": "\u041f\u0440\u043e\u0447\u0435\u0435", "permissions": []}}, {"model": "auth.group", "pk": 4, "fields": {"name": "\u0416\u0414", "permissions": []}}, {"model": "auth.group", "pk": 5, "fields": {"name": "\u0410\u0432\u0442\u043e", "permissions": []}}, {"model": "auth.group", "pk": 6, "fields": {"name": "IT", "permissions": []}}, {"model": "auth.group", "pk": 7, "fields": {"name": "\u0410\u0434\u043c\u0438\u043d\u0438\u0441\u0442\u0440\u0430\u0446\u0438\u044f", "permissions": []}}, {"model": "auth.group", "pk": 8, "fields": {"name": "\u041e\u0444\u0438\u0441", "permissions": []}}, {"model": "auth.group", "pk": 9, "fields": {"name": "\u0411\u0443\u0445\u0433\u0430\u043b\u0442\u0435\u0440\u0438\u044f", "permissions": []}}, {"model": "articles.category", "pk": 1, "fields": {"category_name": "IT", "role_user": [6]}}, {"model": "articles.category", "pk": 2, "fields": {"category_name": "\u0420\u0430\u0437\u043d\u043e\u0435", "role_user": [6, 5, 7, 4, 8, 3]}}, {"model": "articles.category", "pk": 3, "fields": {"category_name": "\u0416\u0414", "role_user": [4]}}, {"model": "articles.category", "pk": 4, "fields": {"category_name": "\u0410\u0432\u0442\u043e", "role_user": [5]}}, {"model": "articles.article", "pk": 1, "fields": {"title": "\u00ab\u0410\u043a\u0442\u0438\u0432\u0430\u0446\u0438\u044f Windows\u00bb", "text": "\u041f\u0435\u0440\u0435\u0448\u043b\u0438 \u043d\u0430 Mac, \u043d\u043e \u0441\u043a\u0443\u0447\u0430\u0435\u0442\u0435 \u043f\u043e \u043d\u0430\u0434\u043f\u0438\u0441\u0438 \u00ab\u0410\u043a\u0442\u0438\u0432\u0430\u0446\u0438\u044f Windows\u00bb \u043d\u0430 \u0440\u0430\u0431\u043e\u0447\u0435\u043c \u0441\u0442\u043e\u043b\u0435?\r\n\r\n\u0420\u0430\u0437\u0440\u0430\u0431\u043e\u0442\u0447\u0438\u043a \u0441\u0434\u0435\u043b\u0430\u043b \u0443\u0442\u0438\u043b\u0438\u0442\u0443, \u043a\u043e\u0442\u043e\u0440\u0430\u044f \u0432\u044b\u0432\u043e\u0434\u0438\u0442 \u0440\u043e\u0432\u043d\u043e \u0442\u0430\u043a\u043e\u0439 \u0436\u0435 \u0432\u043e\u0434\u044f\u043d\u043e\u0439 \u0437\u043d\u0430\u043a \u043d\u0430 \u044d\u043a\u0440\u0430\u043d macOS \u0438\u043b\u0438 Linux.\r\n\r\nrozetked.me/news/23566", "created": "2022-05-18T12:51:40.617Z", "updated": "2022-05-20T20:53:55.285Z", "is_show": true, "author": "a2498e34-38a5-49c2-9cd8-a76033562b7b", "category": [1, 2]}}, {"model": "articles.article", "pk": 2, "fields": {"title": "McDonald\u2019s", "text": "McDonald\u2019s \u043e\u0431\u044a\u044f\u0432\u0438\u043b \u043e\u0431 \u043e\u043a\u043e\u043d\u0447\u0430\u0442\u0435\u043b\u044c\u043d\u043e\u043c \u0443\u0445\u043e\u0434\u0435 \u0438\u0437 \u0420\u043e\u0441\u0441\u0438\u0438. \r\n\r\n\u0420\u0430\u043d\u0435\u0435 \u0441\u0435\u0442\u044c \u0437\u0430\u043a\u0440\u044b\u043b\u0430 \u0441\u0432\u043e\u0438 \u0440\u0435\u0441\u0442\u043e\u0440\u0430\u043d\u044b \u0431\u044b\u0441\u0442\u0440\u043e\u0433\u043e \u043f\u0438\u0442\u0430\u043d\u0438\u044f \u043d\u0430 \u0442\u0435\u0440\u0440\u0438\u0442\u043e\u0440\u0438\u0438 \u0420\u0424. \u0422\u0435\u043f\u0435\u0440\u044c \u043a\u043e\u043c\u043f\u0430\u043d\u0438\u044f \u0437\u0430\u044f\u0432\u0438\u043b\u0430, \u0447\u0442\u043e \u0438\u0449\u0435\u0442 \u043f\u043e\u043a\u0443\u043f\u0430\u0442\u0435\u043b\u044f \u043d\u0430 \u0440\u043e\u0441\u0441\u0438\u0439\u0441\u043a\u0438\u0439 \u0431\u0438\u0437\u043d\u0435\u0441.\r\n\r\nrozetked.me/news/23560", "created": "2022-05-18T12:52:07.866Z", "updated": "2022-05-20T20:54:16.426Z", "is_show": true, "author": "a2498e34-38a5-49c2-9cd8-a76033562b7b", "category": [2]}}, {"model": "articles.article", "pk": 3, "fields": {"title": "\u0413\u0430\u0437\u0438\u0440\u043e\u0432\u043a\u0430", "text": "\u041c\u043e\u0441\u043a\u043e\u0432\u0441\u043a\u0438\u0439 \u043f\u0438\u0432\u043e-\u0431\u0435\u0437\u0430\u043b\u043a\u043e\u0433\u043e\u043b\u044c\u043d\u044b\u0439 \u043a\u043e\u043c\u0431\u0438\u043d\u0430\u0442 \u00ab\u041e\u0447\u0430\u043a\u043e\u0432\u043e\u00bb \u0430\u043d\u043e\u043d\u0441\u0438\u0440\u043e\u0432\u0430\u043b \u0441\u0432\u043e\u0438 \u0430\u043d\u0430\u043b\u043e\u0433\u0438 Coca-Cola, Fanta \u0438 Sprite. \r\n\r\n\u041d\u0430\u043f\u0438\u0442\u043a\u0438 \u043d\u0430\u0437\u044b\u0432\u0430\u044e\u0442\u0441\u044f CoolCola, Fancy \u0438 Street. \u041e\u043d\u0438 \u043f\u043e\u0441\u0442\u0430\u0432\u043b\u044f\u044e\u0442\u0441\u044f \u0432 \u0431\u0443\u0442\u044b\u043b\u043a\u0430\u0445 \u0441 \u044d\u0442\u0438\u043a\u0435\u0442\u043a\u0430\u043c\u0438, \u043d\u0430\u043f\u043e\u043c\u0438\u043d\u0430\u044e\u0449\u0438\u043c\u0438 \u043e\u0440\u0438\u0433\u0438\u043d\u0430\u043b\u044c\u043d\u044b\u0435 \u043d\u0430\u043f\u0438\u0442\u043a\u0438. \r\n\r\n\u0413\u0430\u0437\u0438\u0440\u043e\u0432\u043a\u0430, \u043f\u043e \u0441\u043b\u043e\u0432\u0430\u043c \u043f\u0440\u043e\u0438\u0437\u0432\u043e\u0434\u0438\u0442\u0435\u043b\u044f, \u0438\u043c\u0435\u0435\u0442 \u00ab\u043a\u043b\u0430\u0441\u0441\u0438\u0447\u0435\u0441\u043a\u0438\u0435 \u0432\u043a\u0443\u0441\u044b \u043b\u044e\u0431\u0438\u043c\u044b\u0445 \u043f\u0440\u043e\u0445\u043b\u0430\u0434\u0438\u0442\u0435\u043b\u044c\u043d\u044b\u0445 \u043d\u0430\u043f\u0438\u0442\u043a\u043e\u0432\u00bb.\r\n\r\nrozetked.me/news/23559", "created": "2022-05-18T16:52:47.748Z", "updated": "2022-05-20T20:54:36.185Z", "is_show": true, "author": "a2498e34-38a5-49c2-9cd8-a76033562b7b", "category": [2]}}, {"model": "articles.article", "pk": 4, "fields": {"title": "NashStore", "text": "\u0412 \u0420\u043e\u0441\u0441\u0438\u0438 \u0437\u0430\u043f\u0443\u0441\u0442\u0438\u043b\u0441\u044f NashStore \u2014 \u043c\u0430\u0433\u0430\u0437\u0438\u043d \u043f\u0440\u0438\u043b\u043e\u0436\u0435\u043d\u0438\u0439, \u043f\u0440\u0438\u0437\u0432\u0430\u043d\u043d\u044b\u0439 \u0438\u043c\u043f\u043e\u0440\u0442\u043e\u0437\u0430\u043c\u0435\u0441\u0442\u0438\u0442\u044c Google Play.\r\n\r\n\u0412 \u043a\u0430\u0442\u0430\u043b\u043e\u0433\u0435 \u0441\u0432\u044b\u0448\u0435 1000 \u043f\u0440\u0438\u043b\u043e\u0436\u0435\u043d\u0438\u0439. \u0411\u043e\u043b\u044c\u0448\u0438\u043d\u0441\u0442\u0432\u043e \u2014 \u043c\u0430\u043b\u043e\u0438\u0437\u0432\u0435\u0441\u0442\u043d\u044b\u0435: \u0438\u0437 \u043f\u043e\u043f\u0443\u043b\u044f\u0440\u043d\u044b\u0445 \u0435\u0441\u0442\u044c \u043d\u0435\u043a\u043e\u0442\u043e\u0440\u044b\u0435 \u0431\u0430\u043d\u043a\u0438, 2\u0413\u0418\u0421, \u00ab\u0421\u0442\u043e\u043b\u043e\u0442\u043e\u00bb. \u0417\u0430\u0442\u043e \u0438\u043c\u0435\u044e\u0442\u0441\u044f \u043a\u043b\u0438\u0435\u043d\u0442\u044b \u043f\u0438\u0440\u0430\u0442\u0441\u043a\u0438\u0445 \u043a\u0438\u043d\u043e\u0442\u0435\u0430\u0442\u0440\u043e\u0432 \u0438 \u043d\u0435\u043e\u0444\u0438\u0446\u0438\u0430\u043b\u044c\u043d\u044b\u0435 \u043f\u0440\u0438\u043b\u043e\u0436\u0435\u043d\u0438\u044f, \u043a\u043e\u0442\u043e\u0440\u044b\u0435 \u043a\u043e\u043f\u0438\u0440\u0443\u044e\u0442 \u0441\u0442\u0438\u043b\u0438\u0441\u0442\u0438\u043a\u0443 \u00ab\u0413\u043e\u0441\u0443\u0441\u043b\u0443\u0433\u00bb.\r\n\r\nrozetked.me/news/23557", "created": "2022-05-18T17:02:28.934Z", "updated": "2022-05-19T18:38:34.545Z", "is_show": true, "author": "a2498e34-38a5-49c2-9cd8-a76033562b7b", "category": []}}, {"model": "articles.article", "pk": 5, "fields": {"title": "\u0417\u0430\u0431\u0416\u0414", "text": "\u0413\u0443\u0431\u0435\u0440\u043d\u0430\u0442\u043e\u0440 \u0410\u043c\u0443\u0440\u0441\u043a\u043e\u0439 \u043e\u0431\u043b\u0430\u0441\u0442\u0438 \u0412\u0430\u0441\u0438\u043b\u0438\u0439 \u041e\u0440\u043b\u043e\u0432 \u0438 \u043d\u0430\u0447\u0430\u043b\u044c\u043d\u0438\u043a \u0417\u0430\u0431\u0430\u0439\u043a\u0430\u043b\u044c\u0441\u043a\u043e\u0439 \u0436\u0435\u043b\u0435\u0437\u043d\u043e\u0439 \u0434\u043e\u0440\u043e\u0433\u0438 (\u0417\u0430\u0431\u0416\u0414) \u0412\u043b\u0430\u0434\u0438\u043c\u0438\u0440 \u0410\u043d\u0442\u043e\u043d\u0435\u0446 \u043e\u0431\u0441\u0443\u0434\u0438\u043b\u0438 \u043f\u043b\u0430\u043d\u044b \u043f\u043e \u0441\u043e\u0442\u0440\u0443\u0434\u043d\u0438\u0447\u0435\u0441\u0442\u0432\u0443 \u0434\u043e 2024 \u0433\u043e\u0434\u0430, \u0431\u043e\u0440\u044c\u0431\u0443 \u0441 COVID-19 \u0438 \u0440\u0430\u0437\u0432\u0438\u0442\u0438\u0435 \u0433\u0440\u0443\u0437\u043e\u0432\u044b\u0445 \u043f\u0435\u0440\u0435\u0432\u043e\u0437\u043e\u043a.\r\n\u041a\u0430\u043a \u0443\u0442\u043e\u0447\u043d\u044f\u0435\u0442 \u043f\u0440\u0430\u0432\u0438\u0442\u0435\u043b\u044c\u0441\u0442\u0432\u043e \u0410\u043c\u0443\u0440\u0441\u043a\u043e\u0439 \u043e\u0431\u043b\u0430\u0441\u0442\u0438, \u0410\u043d\u0442\u043e\u043d\u0435\u0446 \u043d\u0430\u0437\u043d\u0430\u0447\u0435\u043d \u043d\u0430\u0447\u0430\u043b\u044c\u043d\u0438\u043a\u043e\u043c \u0417\u0430\u0431\u0430\u0439\u043a\u0430\u043b\u044c\u0441\u043a\u043e\u0439 \u0436\u0435\u043b\u0435\u0437\u043d\u043e\u0439 \u0434\u043e\u0440\u043e\u0433\u0438 11 \u043d\u043e\u044f\u0431\u0440\u044f.", "created": "2022-05-23T14:46:33.522Z", "updated": "2022-05-23T14:46:33.522Z", "is_show": true, "author": "a2498e34-38a5-49c2-9cd8-a76033562b7b", "category": [3]}}, {"model": "articles.article", "pk": 6, "fields": {"title": "\u041f\u0440\u043e\u0435\u0437\u0434 \u043f\u043e \u0426\u041a\u0410\u0414", "text": "\u0412 2021 \u0433\u043e\u0434\u0443 \u0432 \u041f\u043e\u0434\u043c\u043e\u0441\u043a\u043e\u0432\u044c\u0435 \u0437\u0430\u0432\u0435\u0440\u0448\u0438\u043b\u0438 \u0441\u0442\u0440\u043e\u0438\u0442\u0435\u043b\u044c\u0441\u0442\u0432\u043e \u043f\u043b\u0430\u0442\u043d\u043e\u0439 \u0426\u0435\u043d\u0442\u0440\u0430\u043b\u044c\u043d\u043e\u0439 \u043a\u043e\u043b\u044c\u0446\u0435\u0432\u043e\u0439 \u0430\u0432\u0442\u043e\u0434\u043e\u0440\u043e\u0433\u0438(\u0426\u041a\u0410\u0414). \u041e\u043f\u043b\u0430\u0442\u0430 \u0437\u0430 \u043f\u0440\u043e\u0435\u0437\u0434 \u0441\u043f\u0438\u0441\u044b\u0432\u0430\u0435\u0442\u0441\u044f \u043f\u043e \u0433\u043e\u0441\u043d\u043e\u043c\u0435\u0440\u0443 \u0442\u0440\u0430\u043d\u0441\u043f\u043e\u0440\u0442\u043d\u043e\u0433\u043e \u0441\u0440\u0435\u0434\u0441\u0442\u0432\u0430 \u0430\u0432\u0442\u043e\u043c\u0430\u0442\u0438\u0447\u0435\u0441\u043a\u0438, \u0435\u0441\u043b\u0438 \u0432\u043e\u0434\u0438\u0442\u0435\u043b\u044c \u0438\u0441\u043f\u043e\u043b\u044c\u0437\u0443\u0435\u0442 \u0441\u043f\u0435\u0446\u0438\u0430\u043b\u044c\u043d\u043e\u0435 \u0443\u0441\u0442\u0440\u043e\u0439\u0441\u0442\u0432\u043e \u2013 \u0442\u0440\u0430\u043d\u0441\u043f\u043e\u043d\u0434\u0435\u0440. \u041a\u0430\u043a \u043e\u043f\u043b\u0430\u0442\u0438\u0442\u044c \u043f\u043e\u0435\u0437\u0434\u043a\u0443, \u0447\u0442\u043e \u0434\u0435\u043b\u0430\u0442\u044c, \u0435\u0441\u043b\u0438 \u043d\u0435 \u0441\u043f\u0438\u0441\u0430\u043b\u0438\u0441\u044c \u0434\u0435\u043d\u044c\u0433\u0438, \u043a\u0430\u043a\u0438\u0435 \u043f\u0440\u0435\u0434\u0443\u0441\u043c\u043e\u0442\u0440\u0435\u043d\u044b \u0448\u0442\u0440\u0430\u0444\u044b \u0438 \u0433\u0434\u0435 \u0440\u0430\u0441\u043f\u043e\u043b\u043e\u0436\u0435\u043d\u044b \u0431\u0435\u0441\u043f\u043b\u0430\u0442\u043d\u044b\u0435 \u0443\u0447\u0430\u0441\u0442\u043a\u0438 \u2013 \u0432 \u043c\u0430\u0442\u0435\u0440\u0438\u0430\u043b\u0435 \u0420\u0418\u0410 \u041d\u043e\u0432\u043e\u0441\u0442\u0438.\r\n\r\n\u0426\u0435\u043d\u0442\u0440\u0430\u043b\u044c\u043d\u0430\u044f \u043a\u043e\u043b\u044c\u0446\u0435\u0432\u0430\u044f \u0430\u0432\u0442\u043e\u0434\u043e\u0440\u043e\u0433\u0430 \u2014 \u044d\u0442\u043e \u0441\u043a\u043e\u0440\u043e\u0441\u0442\u043d\u0430\u044f \u043c\u0430\u0433\u0438\u0441\u0442\u0440\u0430\u043b\u044c \u043e\u0431\u0449\u0435\u0439 \u043f\u0440\u043e\u0442\u044f\u0436\u0435\u043d\u043d\u043e\u0441\u0442\u044c\u044e 336,4 \u043a\u043c. \u0414\u043e\u0440\u043e\u0433\u0430 \u0441\u043e\u0435\u0434\u0438\u043d\u044f\u0435\u0442 \u043e\u0441\u043d\u043e\u0432\u043d\u044b\u0435 \u0432\u044b\u0435\u0437\u0434\u044b \u0438\u0437 \u0441\u0442\u043e\u043b\u0438\u0446\u044b \u0432 \u041f\u043e\u0434\u043c\u043e\u0441\u043a\u043e\u0432\u044c\u0435: \u041c\u043e\u0441\u043a\u043e\u0432\u0441\u043a\u0443\u044e \u043a\u043e\u043b\u044c\u0446\u0435\u0432\u0443\u044e \u0430\u0432\u0442\u043e\u0434\u043e\u0440\u043e\u0433\u0443 (\u041c\u041a\u0410\u0414), \u0411\u043e\u043b\u044c\u0448\u0443\u044e \u0438 \u041c\u0430\u043b\u0443\u044e \u0431\u0435\u0442\u043e\u043d\u043a\u0438. \u041d\u0430 \u0426\u041a\u0410\u0414 \u0435\u0441\u0442\u044c \u043f\u043b\u0430\u0442\u043d\u044b\u0435 \u0438 \u0431\u0435\u0441\u043f\u043b\u0430\u0442\u043d\u044b\u0435 \u0443\u0447\u0430\u0441\u0442\u043a\u0438.", "created": "2022-05-23T14:48:04.005Z", "updated": "2022-05-23T14:48:04.005Z", "is_show": true, "author": "a2498e34-38a5-49c2-9cd8-a76033562b7b", "category": [4]}}, {"model": "articles.article", "pk": 7, "fields": {"title": "\u041e\u0442\u043c\u0435\u043d\u0430 \u0443\u0434\u0430\u043b\u0435\u043d\u043a\u0438", "text": "\u0422\u0440\u0435\u0431\u043e\u0432\u0430\u043d\u0438\u0435 \u043e \u043f\u0435\u0440\u0435\u0432\u043e\u0434\u0435 30 \u043f\u0440\u043e\u0446\u0435\u043d\u0442\u043e\u0432 \u0440\u0430\u0431\u043e\u0442\u043d\u0438\u043a\u043e\u0432 \u0432 \u041c\u043e\u0441\u043a\u0432\u0435 \u043d\u0430 \u0443\u0434\u0430\u043b\u0435\u043d\u043d\u044b\u0439 \u0440\u0435\u0436\u0438\u043c \u0440\u0430\u0431\u043e\u0442\u044b \u0441 \u043f\u043e\u043d\u0435\u0434\u0435\u043b\u044c\u043d\u0438\u043a\u0430 \u0438\u0437 \u043e\u0431\u044f\u0437\u0430\u0442\u0435\u043b\u044c\u043d\u043e\u0433\u043e \u0441\u0442\u0430\u043d\u0435\u0442 \u0440\u0435\u043a\u043e\u043c\u0435\u043d\u0434\u0430\u0442\u0435\u043b\u044c\u043d\u044b\u043c, \u0441\u043e\u043e\u0431\u0449\u0438\u043b \u043c\u044d\u0440 \u0421\u0435\u0440\u0433\u0435\u0439 \u0421\u043e\u0431\u044f\u043d\u0438\u043d.\n\"\u0422\u0440\u0435\u0431\u043e\u0432\u0430\u043d\u0438\u0435 \u043e \u043f\u0435\u0440\u0435\u0432\u043e\u0434\u0435 30 \u043f\u0440\u043e\u0446\u0435\u043d\u0442\u043e\u0432 \u0440\u0430\u0431\u043e\u0442\u043d\u0438\u043a\u043e\u0432 \u043d\u0430 \u0443\u0434\u0430\u043b\u0435\u043d\u043d\u044b\u0439 \u0440\u0435\u0436\u0438\u043c \u0440\u0430\u0431\u043e\u0442\u044b \u0438\u0437 \u043e\u0431\u044f\u0437\u0430\u0442\u0435\u043b\u044c\u043d\u043e\u0433\u043e \u043f\u0435\u0440\u0435\u0432\u043e\u0434\u0438\u0442\u0441\u044f \u0432 \u0440\u0435\u043a\u043e\u043c\u0435\u043d\u0434\u0430\u0442\u0435\u043b\u044c\u043d\u043e\u0435\", \u2014 \u043d\u0430\u043f\u0438\u0441\u0430\u043b \u043c\u044d\u0440 \u0432 \u0441\u0432\u043e\u0435\u043c \u0431\u043b\u043e\u0433\u0435 \u0432 \u043f\u044f\u0442\u043d\u0438\u0446\u0443.", "created": "2022-05-23T14:51:35.186Z", "updated": "2022-05-23T14:51:35.187Z", "is_show": true, "author": "a2498e34-38a5-49c2-9cd8-a76033562b7b", "category": [2]}}, {"model": "users.department", "pk": 1, "fields": {"department_name": "\u041e\u0442\u0434\u0435\u043b \u043d\u0435\u0440\u0443\u0434\u043d\u044b\u0445 \u043c\u0430\u0442\u0435\u0440\u0438\u0430\u043b\u043e\u0432"}}, {"model": "users.department", "pk": 2, "fields": {"department_name": "\u0410\u0434\u043c\u0438\u043d\u0438\u0441\u0442\u0440\u0430\u0446\u0438\u044f"}}, {"model": "users.department", "pk": 3, "fields": {"department_name": "\u0411\u0443\u0445\u0433\u0430\u043b\u0442\u0435\u0440\u0438\u044f"}}, {"model": "users.department", "pk": 4, "fields": {"department_name": "\u041e\u0442\u0434\u0435\u043b \u043a\u043e\u043c\u043c\u0435\u0440\u0446\u0438\u0438 \u0438 \u0434\u043e\u0433\u043e\u0432\u043e\u0440\u043e\u0432"}}, {"model": "users.department", "pk": 5, "fields": {"department_name": "\u0414\u0440\u0443\u0433\u043e\u0435"}}, {"model": "users.position", "pk": 1, "fields": {"position_name": "\u041d\u0430\u0447\u0430\u043b\u044c\u043d\u0438\u043a \u043e\u0442\u0434\u0435\u043b\u0430"}}, {"model": "users.position", "pk": 3, "fields": {"position_name": "\u0421\u043f\u0435\u0446\u0438\u0430\u043b\u0438\u0441\u0442"}}, {"model": "users.position", "pk": 4, "fields": {"position_name": "\u0421\u0442\u0430\u0440\u0448\u0438\u0439 \u0441\u043f\u0435\u0446\u0438\u0430\u043b\u0438\u0441\u0442"}}, {"model": "users.position", "pk": 5, "fields": {"position_name": "\u0412\u043e\u0434\u0438\u0442\u0435\u043b\u044c"}}, {"model": "users.position", "pk": 6, "fields": {"position_name": "\u0421\u0435\u043a\u0440\u0435\u0442\u0430\u0442\u044c"}}, {"model": "users.position", "pk": 7, "fields": {"position_name": "\u041b\u043e\u0433\u0438\u0441\u0442"}}, {"model": "users.position", "pk": 8, "fields": {"position_name": "\u0413\u0435\u043d\u0435\u0440\u0430\u043b\u044c\u043d\u044b\u0439 \u0434\u0438\u0440\u0435\u043a\u0442\u043e\u0440"}}, {"model": "users.position", "pk": 9, "fields": {"position_name": "\u0413\u043b\u0430\u0432\u043d\u044b\u0439 \u0431\u0443\u0445\u0433\u0430\u043b\u0442\u0435\u0440"}}, {"model": "users.position", "pk": 10, "fields": {"position_name": "\u0411\u0443\u0445\u0433\u0430\u043b\u0442\u0435\u0440"}}, {"model": "users.customgroup", "pk": 3, "fields": {}}, {"model": "users.customgroup", "pk": 4, "fields": {}}, {"model": "users.customgroup", "pk": 5, "fields": {}}, {"model": "users.customgroup", "pk": 6, "fields": {}}, {"model": "users.customgroup", "pk": 7, "fields": {}}, {"model": "users.customgroup", "pk": 8, "fields": {}}, {"model": "users.customgroup", "pk": 9, "fields": {}}, {"model": "users.customuser", "pk": "5ee4b31e-832e-4b40-b960-32ac26dc54a7", "fields": {"password": "pbkdf2_sha256$320000$baMjwBno60WrZEDnZcinLS$tI1gZJRTSTiK7tieCI8XpDj1UQLHdaEOJbtya7s9jy4=", "last_login": "2022-05-19T16:32:18.593Z", "is_superuser": false, "username": "j.shmiga", "email": "j.shmiga@exemle.com", "is_staff": false, "is_active": true, "date_joined": "2022-05-19T16:32:01.622Z", "first_name": "\u0416\u043e\u0440\u0430", "middle_name": null, "last_name": "\u0428\u043c\u044b\u0433\u0430", "birthday": "1980-02-15", "position": 7, "department": 1, "phone": "8 (777) 123 4567", "is_verification": true, "groups": [], "user_permissions": [], "role": [5, 8, 3]}}, {"model": "users.customuser", "pk": "6c187e88-0650-4840-939b-600401f381ee", "fields": {"password": "pbkdf2_sha256$320000$m9M5UV1yJVgGVvDtaOy6EX$EJGpiEpeegW6tz5DF+kC2fK1wKd8UYe8XKCvIEyiWfI=", "last_login": "2022-05-23T10:15:36.945Z", "is_superuser": false, "username": "p.xy", "email": "p.xy@exemle.com", "is_staff": false, "is_active": true, "date_joined": "2022-05-19T16:18:17.092Z", "first_name": "\u041f\u0435\u0442\u0440", "middle_name": "\u0412\u0430\u0441\u0438\u043b\u044c\u0435\u0432\u0438\u0447", "last_name": "\u0425\u0443", "birthday": "1973-11-20", "position": 8, "department": 2, "phone": null, "is_verification": true, "groups": [], "user_permissions": [], "role": [7, 8, 3]}}, {"model": "users.customuser", "pk": "8b7228dc-488c-4457-a2a3-9044deb7bca5", "fields": {"password": "pbkdf2_sha256$320000$41Bp37cScVvKuDZrjnfYLA$+v5Z/eEAIuPZwpiEZODjlYqrfk6TNoPm0PrJl5GBwvM=", "last_login": "2022-05-19T16:00:31.031Z", "is_superuser": false, "username": "o.radionova", "email": "o.radionova@exemle.com", "is_staff": true, "is_active": true, "date_joined": "2022-05-19T15:59:57.102Z", "first_name": "\u041e\u043b\u0435\u0441\u044f", "middle_name": "\u0421\u0435\u0440\u0433\u0435\u0435\u0432\u0430", "last_name": "\u0420\u0430\u0434\u0438\u043e\u043d\u043e\u0432\u0430", "birthday": "1988-12-14", "position": 1, "department": 4, "phone": "8 (916) 123-12-12", "is_verification": true, "groups": [1, 2], "user_permissions": [], "role": [7, 9, 4, 8, 3]}}, {"model": "users.customuser", "pk": "9dafccfd-5cb8-46c1-9c7a-d6c41abb0ef8", "fields": {"password": "pbkdf2_sha256$320000$6D57GwO5m8PAqT09RBYABM$ilizlZUiCHFaIpsSAZTWWVwRY42nEsBCFyJwj3Fzbn8=", "last_login": "2022-05-23T10:16:04.260Z", "is_superuser": false, "username": "n.lagutenko", "email": "n.lagutenko@exemle.com", "is_staff": false, "is_active": true, "date_joined": "2022-05-19T16:30:04.485Z", "first_name": "\u041d\u0430\u0442\u0430\u043b\u044c\u044f", "middle_name": "\u0418\u0432\u0430\u043d\u043e\u0432\u043d\u0430", "last_name": "\u041b\u0430\u0433\u0443\u0442\u0435\u043d\u043a\u043e", "birthday": "1966-05-12", "position": 6, "department": null, "phone": null, "is_verification": true, "groups": [1], "user_permissions": [], "role": [8, 3]}}, {"model": "users.customuser", "pk": "a2498e34-38a5-49c2-9cd8-a76033562b7b", "fields": {"password": "pbkdf2_sha256$320000$oojxcNc2Yx7YyxEOsWd3fm$KbdRW5P7bTiHDXdwnZehyjrbkcdLDFNngcc2ys5v4GE=", "last_login": "2022-05-23T10:19:09.720Z", "is_superuser": true, "username": "admin", "email": "admin@exemle.com", "is_staff": true, "is_active": true, "date_joined": "2022-05-18T12:50:25Z", "first_name": "\u0421\u0442\u0430\u043d\u0438\u0441\u043b\u0430\u0432", "middle_name": "\u0412\u043b\u0430\u0434\u0438\u043c\u0438\u0440\u043e\u0432\u0438\u0447", "last_name": "\u0418\u0432\u0430\u043d\u0446\u043e\u0432", "birthday": "1992-09-27", "position": 1, "department": 1, "phone": "8 (999) 999-99-99", "is_verification": true, "groups": [1], "user_permissions": [], "role": [6, 5, 7, 9, 4, 8, 3]}}, {"model": "users.customuser", "pk": "dcfbf732-2e0a-45c2-a0d5-510bea366cff", "fields": {"password": "pbkdf2_sha256$320000$eTm1d3v1Kc5IahNGRbsTI5$5zKo9f4ntixvP03+xHAtdoMlb8LTaqnh+sevbt+Q/p0=", "last_login": "2022-05-23T10:15:13.426Z", "is_superuser": false, "username": "v.luzkin", "email": "v.luzkin@exemle.com", "is_staff": false, "is_active": false, "date_joined": "2022-05-19T16:15:21.291Z", "first_name": "\u0412\u0430\u0441\u0438\u043b\u0438\u0439", "middle_name": "\u041f\u0435\u0442\u0440\u043e\u0432\u0438\u0447", "last_name": "\u041b\u0443\u0437\u043a\u0438\u043d", "birthday": "1956-05-02", "position": 5, "department": 5, "phone": "8 (777) 123 1212", "is_verification": true, "groups": [2], "user_permissions": [], "role": [8, 3]}}]
